<BundleInfo name="ChimeraX-ViewDockX" version="1.3"
	    package="chimerax.viewdockx"
  	    customInit="true" minSessionVersion="1" maxSessionVersion="1">

  <!-- Additional information about bundle source -->
  <Author>UCSF RBVI</Author>
  <Email>chimerax@cgl.ucsf.edu</Email>
  <URL>https://www.rbvi.ucsf.edu/chimerax/</URL>

  <!-- Synopsis is a one-line description
       Description is a full multi-line description -->
  <Synopsis>Analyze ligand-receptor docking results</Synopsis>
  <Description>Display docking results as structures and table.

UCSF DOCK output in PDB and mol2 formats are supported.
  </Description>

  <DataFiles>
    <DataDir>lib</DataDir>
    <DataDir>docs</DataDir>
    <DataFile>viewdockx_*.html</DataFile>
    <DataFile>viewdockx_*.js</DataFile>
    <DataFile>viewdockx_*.css</DataFile>
    <DataFile>nextdocking.png</DataFile>
  </DataFiles>

  <!--
  For testing only
  <ExtraFiles>
    <ExtraFile source="bundle_info.xml">bundle_info.xml</ExtraFile>
    <ExtraDir source="flotsrc">lib/flotsrc</ExtraDir>
  </ExtraFiles>
  -->

  <!-- Categories is a list where this bundle should appear -->
  <Categories>
    <Category name="General"/>
  </Categories>

  <!-- Dependencies on other ChimeraX/Python packages -->
  <Dependencies>
    <Dependency name="ChimeraX-Core" version="~=1.0"/>
    <Dependency name="ChimeraX-Atomic" version="~=1.0"/>
    <Dependency name="ChimeraX-Mol2" version="~=2.0"/>
    <Dependency name="ChimeraX-UI" version="~=1.0"/>
    <Dependency name="ChimeraX-DataFormats" version="~=1.0"/>
    <Dependency name="ChimeraX-OpenCommand" version="~=1.0"/>
  </Dependencies>

  <Providers manager="url_schemes">
    <Provider name="vdxchart"/>
    <Provider name="vdxplot"/>
    <Provider name="vdxtable"/>
  </Providers>

  <Providers manager="data formats">
    <Provider name="AutoDock PDBQT" nicknames="pdbqt" category="Molecular structure"
		suffixes=".pdbqt" encoding="utf-8" />
    <Provider name="ZDOCK" nicknames="zdock" category="Molecular structure"
		suffixes=".pdb" encoding="utf-8" reference_url="https://zdock.umassmed.edu" />
    <Provider name="SwissDock" nicknames="swissdock" category="Molecular structure"
		suffixes=".pdb" encoding="utf-8" reference_url="http://swissdock.ch" />
  </Providers>

  <Providers manager="open command">
    <Provider name="AutoDock PDBQT" want_path="true" />
    <Provider name="Sybyl Mol2" want_path="true" />
    <Provider name="ZDOCK" />
    <Provider name="SwissDock" />
  </Providers>

  <Classifiers>
    <!-- Development Status should be compatible with bundle version number -->
    <PythonClassifier>Development Status :: 2 - Pre-Alpha</PythonClassifier>
    <PythonClassifier>License :: Free for non-commercial use</PythonClassifier>
    <ChimeraXClassifier>Tool :: ViewDockX :: Binding Analysis :: display docking results</ChimeraXClassifier>
    <ChimeraXClassifier>Command :: viewdockx :: Binding Analysis :: specify models as docking results </ChimeraXClassifier>
    <ChimeraXClassifier>Command :: viewdockx down :: Binding Analysis :: Simulate down-arrow key in ViewDockX</ChimeraXClassifier>
    <ChimeraXClassifier>Command :: viewdockx up :: Binding Analysis :: Simulate up-arrow key in ViewDockX</ChimeraXClassifier>
  </Classifiers>

</BundleInfo>
